{
  "description": "ANI-2x reference: N\u2082 dimer at 1.1 \u00c5, no PBC",
  "species": [
    "N",
    "N"
  ],
  "atomic_numbers": [
    7,
    7
  ],
  "coordinates_A": [
    [
      0.0,
      0.0,
      0.0
    ],
    [
      1.1,
      0.0,
      0.0
    ]
  ],
  "energy_hartree": -109.4984777562163,
  "energy_eV": -2979.6064540753923,
  "forces_hartree_per_A": [
    [
      -0.012054667808115482,
      -0.0,
      -0.0
    ],
    [
      0.012054667808115482,
      -0.0,
      -0.0
    ]
  ],
  "forces_eV_per_A": [
    [
      -0.32802432775497437,
      -0.0,
      -0.0
    ],
    [
      0.32802432775497437,
      -0.0,
      -0.0
    ]
  ],
  "torchani_version": "2.2.4"
}