{
  "description": "ANI-2x reference: H\u2082O at TIP3P geometry, no PBC",
  "species": [
    "O",
    "H",
    "H"
  ],
  "atomic_numbers": [
    8,
    1,
    1
  ],
  "coordinates_A": [
    [
      0.0,
      0.0,
      0.0
    ],
    [
      0.9572,
      0.0,
      0.0
    ],
    [
      -0.2399872084090341,
      0.9266272064859951,
      0.0
    ]
  ],
  "energy_hartree": -76.38821707317108,
  "energy_eV": -2078.630034595264,
  "forces_hartree_per_A": [
    [
      -0.0099504878744483,
      -0.01285586692392826,
      -0.0
    ],
    [
      0.012453591451048851,
      0.0006396635435521603,
      -0.0
    ],
    [
      -0.0025031035766005516,
      0.012216202914714813,
      -0.0
    ]
  ],
  "forces_eV_per_A": [
    [
      -0.27076664566993713,
      -0.34982606768608093,
      -0.0
    ],
    [
      0.3388795852661133,
      0.01740613766014576,
      -0.0
    ],
    [
      -0.06811293959617615,
      0.3324199318885803,
      -0.0
    ]
  ],
  "torchani_version": "2.2.4"
}